first_name,last_name,gender
Shaban,Kryeziu,M
Blerina,Hajdari,F
Ramiz,Osmani,M
Besim,Aliu,M
Xheneta,Zeqiri,F
Shaban,Bytyqi,M
Bujar,Tahiri,M
Rina,Nuhiu,F
Shkurte,Sinani,F
Drita,Likaj,F
Besarta,Selimi,F
Ramiz,Kryeziu,M
Nderim,Dauti,M
Zef,Krasniqi,M
Fatmir,Dauti,M
Haxhere,Hasani,F
Perparim,Isufi,M
Drilon,Kastrati,M
Lavdim,Mehmeti,M
Gentian,Rugova,M
Jehona,Gashi,F
Luan,Rexhepi,M
Sokol,Hajdari,M
Artan,Tahiri,M
Agon,Ferati,M
Luan,Berisha,M
Xhevdet,Rexhepi,M
Fisnik,Hyseni,M
Pajtime,Ibrahimi,F
Qamile,Osmani,F
Pranvera,Ibrahimi,F
Shqipe,Miftari,F
Hana,Kastrati,F
Samir,Miftari,M
Ymerije,Bytyqi,F
Oli,Sinani,F
Urti,Ademi,F
Isa,Sadiku,M
Ymerije,Bajrami,F
Hana,Salihu,F
Haxhere,Sadiku,F
Saranda,Limani,F
Besim,Ibrahimi,M
Veton,Rugova,M
Drita,Salihu,F
Astrit,Kabashi,M
Arjeta,Kryeziu,F
Bashkim,Abazi,M
Endrit,Syla,M
Besarta,Limani,F
Orhidea,Likaj,F
Ymerije,Kabashi,F
Zylfije,Hyseni,F
Kaltrina,Bajrami,F
Qendrim,Miftari,M
Urti,Syla,F
Rina,Berisha,F
Ermal,Hajdari,M
Mentor,Ferati,M
Rina,Kabashi,F
Astrit,Sadiku,M
Nderim,Abazi,M
Xhevahire,Syla,F
Besnik,Rexhepi,M
Visar,Ademi,M
Artan,Gashi,M
Edon,Mehmeti,M
Kujtim,Morina,M
Zef,Nuhiu,M
Samir,Dauti,M
Egzon,Ademi,M
Urti,Morina,F
Vlora,Demiri,F
Luan,Sadiku,M
Drita,Abazi,F
Lavdim,Kabashi,M
Fisnik,Bytyqi,M
Visar,Rexhepi,M
Astrit,Ahmeti,M
Majlinda,Likaj,F
Qamile,Berisha,F
Jeta,Hajdari,F
Yllka,Shala,F
Bujar,Miftari,M
Faton,Nuhiu,M
Edon,Ahmeti,M
Bujar,Hyseni,M
Samir,Abazi,M
Flutura,Hasani,F
Yllka,Dauti,F
Samir,Ferati,M
Qamil,Rexhepi,M
Dardan,Bytyqi,M
Fisnik,Ademi,M
Ymerije,Abazi,F
Redon,Dauti,M
Petrit,Nuhiu,M
Ymerije,Limani,F
Jehona,Syla,F
Egzona,Maliqi,F
Burbuqe,Ahmeti,F
Jehona,Bytyqi,F
Iliriana,Likaj,F
Visar,Thaqi,M
Oli,Kastrati,F
Dafina,Rugova,F
Redon,Shala,M
Luan,Morina,M
Gentiana,Nuhiu,F
Bashkim,Ferati,M
Besarta,Demiri,F
Vlora,Kabashi,F
Nderim,Sinani,M
Liridon,Syla,M
Dafina,Bytyqi,F
Enver,Osmani,M
Blerta,Bytyqi,F
Burbuqe,Miftari,F
Blerta,Hasani,F
Redon,Kastrati,M
Nora,Syla,F
Ermal,Bajrami,M
Samir,Rugova,M
Yll,Demiri,M
Endrit,Morina,M
Agon,Hasani,M
Kastriot,Nuhiu,M
Fisnik,Limani,M
Leonora,Hoxha,F
Dardan,Aliu,M
Zylfije,Demiri,F
Fjolla,Maliqi,F
Elira,Likaj,F
Nderim,Sadiku,M
Gezim,Bajrami,M
Kastriot,Berisha,M
Perparim,Selimi,M
Redon,Rexhepi,M
Xhevahire,Kastrati,F
Besnik,Nuhiu,M
Qendresa,Bytyqi,F
Leonora,Isufi,F
Luljeta,Ahmeti,F
Gentian,Thaqi,M
Sokol,Rexhepi,M
Ganimete,Aliu,F
Kushtrim,Maliqi,M
Perparim,Hoxha,M
Yllka,Dauti,F
Haxhere,Kastrati,F
Ermal,Abazi,M
Rina,Tahiri,F
Shqipe,Tahiri,F
Arjeta,Thaqi,F
Shkelzen,Hajdari,M
Visar,Salihu,M
Agon,Osmani,M
Xhevdet,Limani,M
Vlora,Rexhepi,F
Flutura,Hoxha,F
Perparim,Demiri,M
Drita,Mehmeti,F
Arjeta,Krasniqi,F
Qendresa,Kabashi,F
Flutura,Berisha,F
Gentiana,Aliu,F
Kujtesa,Rexhepi,F
Liridon,Kryeziu,M
Gentiana,Kastrati,F
Gezim,Bajrami,M
Teuta,Shala,F
Parin,Berisha,M
Leonora,Sinani,F
Dafina,Berisha,F
Nora,Shala,F
Enver,Hajdari,M
Qendrim,Miftari,M
Valon,Zeqiri,M
Arjeta,Aliu,F
Mergim,Bytyqi,M
Ganimete,Likaj,F
Fitore,Salihu,F
Egzon,Morina,M
Visar,Morina,M
Kujtesa,Likaj,F
Remzije,Isufi,F
Shkelzen,Sadiku,M
Burbuqe,Hoxha,F
Faton,Abazi,M
Besarta,Syla,F
Gezim,Miftari,M
Endrit,Limani,M
Teuta,Bajrami,F
Isa,Dauti,M
Donika,Hoxha,F
Blerina,Hajdari,F
Arjeta,Limani,F
Elira,Nuhiu,F
Hana,Salihu,F
Kujtesa,Ahmeti,F
Naim,Hoxha,M
Qendresa,Aliu,F
Rexhep,Berisha,M
Dardan,Hajdari,M
Sokol,Shala,M
Yllka,Isufi,F
Spartak,Morina,M
Edona,Hajdari,F
Valon,Nuhiu,M
Zylfije,Ibrahimi,F
Hana,Gashi,F
Xhevahire,Abazi,F
Nora,Maliqi,F
Fatmir,Thaqi,M
Shkurte,Ahmeti,F
Haxhere,Hajdari,F
Liridon,Morina,M
Flamur,Sadiku,M
Teuta,Kryeziu,F
Samir,Tahiri,M
Isa,Morina,M
Mergim,Hyseni,M
Jehona,Nuhiu,F
Shkurte,Ferati,F
Xheneta,Mehmeti,F
Adelina,Miftari,F
Besarta,Miftari,F
Edona,Limani,F
Edon,Shala,M
Nerenxa,Krasniqi,F
Saranda,Hoxha,F
Mimoza,Sadiku,F
Fatmire,Zeqiri,F
Egzon,Hasani,M
Valbona,Dauti,F
Faton,Aliu,M
Qendresa,Dauti,F
Donika,Kastrati,F
Burbuqe,Hyseni,F
Edon,Aliu,M
Gezim,Demiri,M
Dardan,Osmani,M
Teuta,Zeqiri,F
Rexhep,Krasniqi,M
Zylfije,Shala,F
Pranvera,Maliqi,F
Samir,Nuhiu,M
Xhevahire,Abazi,F
Vjollca,Demiri,F
Rina,Sadiku,F
Mimoza,Maliqi,F
Urti,Krasniqi,F
Gezim,Hajdari,M
Qendrim,Rexhepi,M
Kushtrim,Ferati,M
Artan,Zeqiri,M
Artan,Sadiku,M
Burbuqe,Gashi,F
Veton,Nuhiu,M
Egzona,Morina,F
Petrit,Demiri,M
Qendresa,Salihu,F
Qendresa,Zeqiri,F
Edona,Nuhiu,F
Luljeta,Syla,F
Gezim,Syla,M
Veton,Ahmeti,M
Dafina,Ibrahimi,F
Yllka,Bajrami,F
Zef,Syla,M
Samir,Berisha,M
Egzona,Thaqi,F
Urti,Kryeziu,F
Jehona,Abazi,F
Spartak,Hajdari,M
Oli,Aliu,F
Enver,Tahiri,M
Gentian,Krasniqi,M
Endrit,Abazi,M
Ilir,Krasniqi,M
Spartak,Thaqi,M
Shaban,Bajrami,M
Tringa,Isufi,F
Agon,Abazi,M
Remzije,Hajdari,F
Vlora,Bajrami,F
Nora,Morina,F
Qamile,Ferati,F
Besim,Gashi,M
Nderim,Hyseni,M
Oli,Sadiku,F
Bashkim,Osmani,M
Fatmir,Kabashi,M
Blerina,Osmani,F
Isa,Abazi,M
Visar,Limani,M
Mentor,Hasani,M
Vlora,Ahmeti,F
Artan,Selimi,M
Mentor,Ibrahimi,M
Faton,Sadiku,M
Petrit,Likaj,M
Zylfije,Bajrami,F
Flamur,Likaj,M
Flutura,Kabashi,F
Teuta,Sinani,F
Jehona,Rugova,F
Kujtim,Krasniqi,M
Vlora,Demiri,F
Kujtesa,Demiri,F
Ramiz,Limani,M
Gezim,Gashi,M
Yllka,Bytyqi,F
Nderim,Kastrati,M
Isa,Zeqiri,M
Qendresa,Osmani,F
Xhevdet,Rexhepi,M
Donika,Thaqi,F
Majlinda,Kryeziu,F
Egzon,Kastrati,M
Artan,Rugova,M
Tringa,Ahmeti,F
Nerenxa,Isufi,F
Redon,Hajdari,M
Drita,Dauti,F
Kujtim,Syla,M
Liridon,Bajrami,M
Edon,Hoxha,M
Petrit,Limani,M
Fitore,Mehmeti,F
Besim,Rexhepi,M
Ymerije,Kabashi,F
Skender,Ibrahimi,M
Majlinda,Ferati,F
Jeta,Ahmeti,F
Isa,Kabashi,M
Flutura,Shala,F
Kujtim,Krasniqi,M
Parin,Hajdari,M
Fitore,Limani,F
Rina,Isufi,F
Arjeta,Syla,F
Donika,Bajrami,F
Besarta,Hajdari,F
Lulzim,Mehmeti,M
Shqipe,Gashi,F
Ganimete,Krasniqi,F
Lavdim,Rugova,M
Majlinda,Ademi,F
Blerim,Ahmeti,M
Fitore,Krasniqi,F
Perparim,Selimi,M
Edon,Ferati,M
Fisnik,Sadiku,M
Erim,Sinani,M
Fatmir,Miftari,M
Perparim,Demiri,M
Egzon,Thaqi,M
Visar,Limani,M
Isa,Maliqi,M
Qamile,Demiri,F
Xhevahire,Rexhepi,F
Zef,Dauti,M
Bashkim,Tahiri,M
Faton,Likaj,M
Haxhere,Isufi,F
Zef,Hoxha,M
Jehona,Mehmeti,F
Arben,Nuhiu,M
Yllka,Miftari,F
Redon,Rexhepi,M
Donika,Abazi,F
Nerenxa,Selimi,F
Agon,Sadiku,M
Blerina,Ferati,F
Oli,Hyseni,F
Lulzim,Selimi,M
Ramiz,Hyseni,M
Rina,Bajrami,F
Besarta,Thaqi,F
Xheneta,Bytyqi,F
Ramiz,Sinani,M
Kastriot,Ferati,M
Zana,Likaj,F
Jeta,Aliu,F
Majlinda,Bytyqi,F
Ilir,Ahmeti,M
Zylfije,Miftari,F
Nderim,Bajrami,M
Qendrim,Hoxha,M
Nderim,Ferati,M
Fatmire,Selimi,F
Urti,Ferati,F
Nora,Demiri,F
Donika,Syla,F
Naim,Bajrami,M
Bashkim,Shala,M
Vjollca,Hyseni,F
Mergim,Thaqi,M
Edon,Sadiku,M
Liridon,Isufi,M
Xheneta,Hajdari,F
Erim,Hasani,M
Haxhere,Tahiri,F
Spartak,Rexhepi,M
Spartak,Berisha,M
Qamile,Hoxha,F
Edona,Ademi,F
Zylfije,Abazi,F
Redon,Bytyqi,M
Flamur,Rugova,M
Redon,Kryeziu,M
Pranvera,Ferati,F
Xhevahire,Abazi,F
Kujtim,Gashi,M
Qamile,Selimi,F
Artan,Hoxha,M
Blerina,Bytyqi,F
Yllka,Hoxha,F
Drilon,Miftari,M
Yll,Rexhepi,M
Fatmire,Salihu,F
Kushtrim,Bajrami,M
Valon,Ademi,M
Dafina,Miftari,F
Lavdim,Tahiri,M
Vjollca,Hajdari,F
Valbona,Ademi,F
Teuta,Ahmeti,F
Arben,Shala,M
Shkelzen,Osmani,M
Hana,Selimi,F
Bujar,Bytyqi,M
Erim,Limani,M
Zana,Shala,F
Fatmir,Zeqiri,M
Hana,Ahmeti,F
Kushtrim,Bajrami,M
Xhevahire,Shala,F
Valbona,Salihu,F
Urti,Nuhiu,F
Xhevahire,Morina,F
Blerina,Osmani,F
Kujtim,Salihu,M
Shkelzen,Miftari,M
Faton,Kastrati,M
Yll,Bajrami,M
Iliriana,Nuhiu,F
Erim,Tahiri,M
Skender,Ademi,M
Zef,Ibrahimi,M
Valon,Sadiku,M
Urti,Isufi,F
Besim,Morina,M
Arjeta,Aliu,F
Agon,Shala,M
Nerenxa,Ahmeti,F
Faton,Limani,M
Drilon,Hajdari,M
Ymerije,Ahmeti,F
Kastriot,Isufi,M
Remzije,Isufi,F
Besnik,Hoxha,M
Zana,Shala,F
Liridon,Bytyqi,M
Vjollca,Kastrati,F
Kushtrim,Maliqi,M
Xhevdet,Rugova,M
Gezim,Hoxha,M
Xhevdet,Isufi,M
Parin,Kryeziu,M
Dafina,Abazi,F
Qendresa,Bytyqi,F
Pranvera,Kryeziu,F
Erzen,Limani,M
Zana,Zeqiri,F
Flutura,Miftari,F
Fisnik,Miftari,M
Samir,Limani,M
Saranda,Sinani,F
Luan,Isufi,M
Drita,Sinani,F
Rexhep,Dauti,M
Erim,Kabashi,M
Rrezart,Thaqi,M
Nerenxa,Ferati,F
Edona,Thaqi,F
Ermal,Kastrati,M
Lulzim,Sadiku,M
Lulzim,Bajrami,M
Gentian,Kabashi,M
Dardan,Rugova,M
Gezim,Maliqi,M
Pajtime,Abazi,F
Erzen,Ademi,M
Burbuqe,Ahmeti,F
Blerta,Aliu,F
Fitore,Kryeziu,F
Xhevahire,Isufi,F
Kaltrina,Osmani,F
Hana,Kastrati,F
Ymerije,Bajrami,F
Saranda,Aliu,F
Kushtrim,Abazi,M
Pajtime,Hyseni,F
Urti,Tahiri,F
Gezim,Thaqi,M
Fatmire,Limani,F
Redon,Aliu,M
Zana,Kryeziu,F
Redon,Maliqi,M
Bujar,Isufi,M
Nderim,Sinani,M
Ymerije,Kabashi,F
Zana,Isufi,F
Qamil,Kastrati,M
Samir,Hyseni,M
Pajtime,Hasani,F
Mergim,Morina,M
Teuta,Aliu,F
Majlinda,Sadiku,F
Parin,Ahmeti,M
Xheneta,Miftari,F
Fjolla,Selimi,F
Jeta,Maliqi,F
Kaltrina,Krasniqi,F
Kujtim,Hajdari,M
Arben,Shala,M
Shqipe,Abazi,F
Gezim,Salihu,M
Valon,Ferati,M
Edon,Tahiri,M
Saranda,Kabashi,F
Liridon,Kryeziu,M
Rexhep,Sadiku,M
Valbona,Bajrami,F
Dafina,Tahiri,F
Veton,Gashi,M
Elira,Tahiri,F
Vjollca,Mehmeti,F
Samir,Berisha,M
Burbuqe,Kryeziu,F
Mimoza,Osmani,F
Spartak,Salihu,M
Ermal,Ahmeti,M
Xhevahire,Ibrahimi,F
Flutura,Sinani,F
Valbona,Demiri,F
Edona,Berisha,F
Pranvera,Zeqiri,F
Besim,Rexhepi,M
Xhevdet,Maliqi,M
Lulzim,Syla,M
Flutura,Kastrati,F
Teuta,Sadiku,F
Perparim,Morina,M
Majlinda,Ademi,F
Adelina,Aliu,F
Edon,Ahmeti,M
Parin,Ahmeti,M
Shqipe,Selimi,F
Xhevahire,Ibrahimi,F
Arjeta,Bytyqi,F
Parin,Shala,M
Elira,Ademi,F
Petrit,Kryeziu,M
Jeta,Miftari,F
Hana,Shala,F
Agon,Mehmeti,M
Lavdim,Osmani,M
Flamur,Syla,M
Liridon,Dauti,M
Remzije,Krasniqi,F
Fjolla,Selimi,F
Kastriot,Rugova,M
Mergim,Likaj,M
Zana,Demiri,F
Perparim,Selimi,M
Haxhere,Shala,F
Perparim,Abazi,M
Arben,Aliu,M
Skender,Demiri,M
Valon,Hajdari,M
Ilir,Dauti,M
Urti,Selimi,F
Shqipe,Krasniqi,F
Luljeta,Hasani,F
Kushtrim,Nuhiu,M
Perparim,Shala,M
Endrit,Salihu,M
Veton,Ademi,M
Faton,Ferati,M
Petrit,Bajrami,M
Luljeta,Bajrami,F
Besim,Sinani,M
Perparim,Syla,M
Rrezart,Bytyqi,M
Ganimete,Syla,F
Veton,Ademi,M
Veton,Kastrati,M
Luljeta,Kryeziu,F
Besim,Hoxha,M
Spartak,Bytyqi,M
Mimoza,Salihu,F
Shaban,Isufi,M
Dafina,Hoxha,F
Gentian,Hasani,M
Tringa,Aliu,F
Artan,Thaqi,M
Lulzim,Salihu,M
Kujtesa,Bytyqi,F
Erim,Krasniqi,M
Parin,Osmani,M
Endrit,Thaqi,M
Drilon,Kastrati,M
Elira,Gashi,F
Shaban,Kastrati,M
Kastriot,Sinani,M
Blerta,Bajrami,F
Mimoza,Syla,F
Haxhere,Ibrahimi,F
Shkurte,Tahiri,F
Shkurte,Ahmeti,F
Besarta,Berisha,F
Luan,Shala,M
Xhevahire,Morina,F
Jehona,Ibrahimi,F
Fitore,Mehmeti,F
Skender,Demiri,M
Spartak,Selimi,M
Lulzim,Hyseni,M
Nerenxa,Demiri,F
Drilon,Syla,M
Shqipe,Ferati,F
Burbuqe,Tahiri,F
Bashkim,Hyseni,M
Drita,Isufi,F
Drita,Hajdari,F
Sokol,Isufi,M
Ymerije,Abazi,F
Dardan,Kastrati,M
Shkurte,Ibrahimi,F
Xhevahire,Abazi,F
Dardan,Salihu,M
Rexhep,Sadiku,M
Burbuqe,Isufi,F
Samir,Bajrami,M
Shkelzen,Nuhiu,M
Visar,Krasniqi,M
Shkurte,Zeqiri,F
Urti,Maliqi,F
Dafina,Kastrati,F
Arjeta,Salihu,F
Jeta,Sadiku,F
Luljeta,Ibrahimi,F
Pajtime,Syla,F
Besarta,Osmani,F
Gentiana,Tahiri,F
Petrit,Kastrati,M
Haxhere,Hoxha,F
Shkurte,Morina,F
Haxhere,Nuhiu,F
Faton,Hyseni,M
Gentian,Isufi,M
Skender,Bytyqi,M
Nderim,Hajdari,M
Ganimete,Ferati,F
Luljeta,Sinani,F
Agon,Syla,M
Donika,Isufi,F
Besarta,Salihu,F
Vlora,Kryeziu,F
Besnik,Ferati,M
Qamile,Salihu,F
Hana,Ferati,F
Ramiz,Sadiku,M
Qendrim,Thaqi,M
Nora,Osmani,F
Ganimete,Ahmeti,F
Tringa,Gashi,F
Shkurte,Nuhiu,F
Zef,Ahmeti,M
Artan,Thaqi,M
Agon,Thaqi,M
Isa,Tahiri,M
Veton,Ibrahimi,M
Shqipe,Ibrahimi,F
Valbona,Ahmeti,F
Fjolla,Sinani,F
Spartak,Ademi,M
Besnik,Kryeziu,M
Burbuqe,Sadiku,F
Qendrim,Bytyqi,M
Kujtim,Nuhiu,M
Besim,Hoxha,M
Dardan,Hoxha,M
Blerim,Limani,M
Arjeta,Morina,F
Edon,Tahiri,M
Drita,Limani,F
Ganimete,Hajdari,F
Visar,Osmani,M
Samir,Sadiku,M
Hana,Gashi,F
Valon,Hoxha,M
Zana,Isufi,F
Endrit,Kryeziu,M
Haxhere,Kryeziu,F
Dafina,Likaj,F
Besnik,Selimi,M
Yllka,Ahmeti,F
Jehona,Rugova,F
Kaltrina,Isufi,F
Elira,Limani,F
Fatmir,Ferati,M
Ramiz,Kastrati,M
Ramiz,Hyseni,M
Yll,Gashi,M
Mergim,Hoxha,M
Rrezart,Salihu,M
Sokol,Hyseni,M
Valbona,Ibrahimi,F
Rina,Kabashi,F
Besnik,Gashi,M
Fitore,Kryeziu,F
Mimoza,Osmani,F
Gentiana,Likaj,F
Drita,Abazi,F
Erzen,Gashi,M
Yll,Nuhiu,M
Kujtim,Salihu,M
Zylfije,Miftari,F
Gentian,Maliqi,M
Iliriana,Morina,F
Ganimete,Limani,F
Hana,Nuhiu,F
Blerim,Selimi,M
Xhevahire,Ferati,F
Veton,Limani,M
Iliriana,Dauti,F
Qendresa,Maliqi,F
Dardan,Aliu,M
Egzon,Aliu,M
Mimoza,Kastrati,F
Shaban,Limani,M
Kushtrim,Syla,M
Bujar,Kryeziu,M
Qamil,Limani,M
Xheneta,Rexhepi,F
Enver,Rugova,M
Zylfije,Zeqiri,F
Ilir,Ademi,M
Besarta,Ibrahimi,F
Ermal,Likaj,M
Zana,Selimi,F
Isa,Ahmeti,M
Flutura,Ademi,F
Ilir,Hyseni,M
Pranvera,Likaj,F
Qendrim,Shala,M
Blerina,Miftari,F
Arjeta,Kabashi,F
Qendresa,Rexhepi,F
Pranvera,Kastrati,F
Shkelzen,Ferati,M
Donika,Kabashi,F
Xhevdet,Rugova,M
Besnik,Krasniqi,M
Pajtime,Sadiku,F
Erim,Osmani,M
Elira,Isufi,F
Flamur,Morina,M
Egzon,Krasniqi,M
Iliriana,Bytyqi,F
Yll,Syla,M
Drilon,Krasniqi,M
Flutura,Ferati,F
Jehona,Selimi,F
Fatmire,Ibrahimi,F
Arben,Likaj,M
Erzen,Bajrami,M
Xhevdet,Likaj,M
Gezim,Sadiku,M
Urti,Rexhepi,F
Iliriana,Bajrami,F
Lavdim,Krasniqi,M
Xhevdet,Aliu,M
Jeta,Berisha,F
Nora,Hoxha,F
Skender,Miftari,M
Zylfije,Salihu,F
Kaltrina,Bytyqi,F
Erzen,Bajrami,M
Ermal,Kabashi,M
Mentor,Demiri,M
Qamile,Ferati,F
Lulzim,Gashi,M
Parin,Ademi,M
Shqipe,Demiri,F
Ilir,Krasniqi,M
Rrezart,Rexhepi,M
Urti,Sadiku,F
Xhevahire,Salihu,F
Veton,Abazi,M
Zana,Miftari,F
Bujar,Bytyqi,M
Bashkim,Osmani,M
Drilon,Miftari,M
Arben,Hajdari,M
Haxhere,Zeqiri,F
Blerta,Sinani,F
Arjeta,Syla,F
Gentian,Zeqiri,M
Mentor,Morina,M
Qendrim,Ahmeti,M
Zef,Limani,M
Blerina,Hajdari,F
Donika,Kabashi,F
Fitore,Isufi,F
Petrit,Sinani,M
Haxhere,Bytyqi,F
Yll,Ahmeti,M
Valon,Isufi,M
Haxhere,Ahmeti,F
Orhidea,Salihu,F
Dafina,Selimi,F
Veton,Maliqi,M
Oli,Mehmeti,F
Isa,Demiri,M
Shkelzen,Morina,M
Fitore,Bytyqi,F
Kastriot,Kabashi,M
Fjolla,Hasani,F
Ermal,Osmani,M
Ymerije,Bytyqi,F
Fatmire,Hyseni,F
Xhevahire,Kabashi,F
Luljeta,Ibrahimi,F
Spartak,Krasniqi,M
Burbuqe,Berisha,F
Dardan,Syla,M
Bujar,Ibrahimi,M
Shkurte,Isufi,F
Hana,Shala,F
Yllka,Zeqiri,F
Fisnik,Hasani,M
Pajtime,Morina,F
Dardan,Gashi,M
Petrit,Kastrati,M
Xheneta,Rexhepi,F
Burbuqe,Tahiri,F
Besarta,Ibrahimi,F
Urti,Tahiri,F
Skender,Rugova,M
Mimoza,Limani,F
Rexhep,Kabashi,M
Nerenxa,Thaqi,F
Besnik,Nuhiu,M
Vjollca,Kryeziu,F
Flutura,Kabashi,F
Bashkim,Hyseni,M
Lavdim,Hyseni,M
Kaltrina,Rugova,F
Kushtrim,Kryeziu,M
Jehona,Kryeziu,F
Donika,Ferati,F
Mentor,Rexhepi,M
Erzen,Hyseni,M
Valon,Morina,M
Agon,Ademi,M
Gentian,Aliu,M
Petrit,Rugova,M
Shkelzen,Miftari,M
Remzije,Maliqi,F
Jeta,Tahiri,F
Pajtime,Ibrahimi,F
Vjollca,Limani,F
Hana,Ibrahimi,F
Arjeta,Kastrati,F
Perparim,Miftari,M
Jehona,Shala,F
Astrit,Rexhepi,M
Besnik,Ibrahimi,M
Oli,Thaqi,F
Agon,Maliqi,M
Yll,Hajdari,M
Gezim,Mehmeti,M
Tringa,Hasani,F
Ilir,Thaqi,M
Astrit,Hasani,M
Teuta,Salihu,F
Zef,Rexhepi,M
Gentian,Nuhiu,M
Dafina,Limani,F
Vlora,Shala,F
Rrezart,Kryeziu,M
Donika,Maliqi,F
Erzen,Tahiri,M
Gentiana,Likaj,F
Zana,Thaqi,F
Fatmire,Zeqiri,F
Samir,Kryeziu,M
Arjeta,Thaqi,F
Adelina,Selimi,F
Rina,Osmani,F
Perparim,Salihu,M
Mentor,Kryeziu,M
Besnik,Tahiri,M
Kujtesa,Aliu,F
Luljeta,Miftari,F
Erim,Kastrati,M
Dardan,Ibrahimi,M
Besim,Dauti,M
Fatmir,Salihu,M
Leonora,Bytyqi,F
Gentiana,Berisha,F
Ramiz,Gashi,M
Yll,Hoxha,M
Qendresa,Bajrami,F
Naim,Ibrahimi,M
Flamur,Limani,M
Pranvera,Osmani,F
Fjolla,Salihu,F
Elira,Syla,F
Majlinda,Hajdari,F
Astrit,Selimi,M
Spartak,Aliu,M
Drita,Morina,F
Pranvera,Aliu,F
Zef,Hoxha,M
Xhevdet,Hasani,M
Besarta,Demiri,F
Petrit,Dauti,M
Saranda,Salihu,F
Spartak,Maliqi,M
Vlora,Hoxha,F
Xhevdet,Ahmeti,M
Samir,Zeqiri,M
Ymerije,Hajdari,F
Arjeta,Syla,F
Flutura,Berisha,F
Samir,Aliu,M
Xhevahire,Bajrami,F
Erim,Shala,M
Faton,Nuhiu,M
Drilon,Dauti,M
Hana,Salihu,F
Shkurte,Rexhepi,F
Hana,Kabashi,F
Luan,Ademi,M
Kushtrim,Hyseni,M
Qendrim,Ferati,M
Drita,Limani,F
Nderim,Dauti,M
Lulzim,Hajdari,M
Gentiana,Miftari,F
Yll,Hajdari,M
Xheneta,Nuhiu,F
Fjolla,Berisha,F
Saranda,Kryeziu,F
Vjollca,Salihu,F
Ilir,Hasani,M
Veton,Shala,M
Valon,Kabashi,M
Luljeta,Kastrati,F
Lavdim,Likaj,M
Blerina,Gashi,F
Xhevdet,Nuhiu,M
Egzon,Abazi,M
Fisnik,Tahiri,M
Valbona,Osmani,F
Donika,Kabashi,F
Kaltrina,Ibrahimi,F
Valon,Tahiri,M
Visar,Likaj,M
Gentian,Zeqiri,M
Isa,Hasani,M
Fisnik,Sinani,M
Besim,Bajrami,M
Dardan,Rugova,M
Qamile,Nuhiu,F
Fjolla,Salihu,F
Adelina,Rexhepi,F
Rina,Syla,F
Luljeta,Morina,F
Qendresa,Sinani,F
Tringa,Maliqi,F
Urti,Ibrahimi,F
Bashkim,Tahiri,M
Mergim,Kastrati,M
Arjeta,Nuhiu,F
Valon,Zeqiri,M
Gezim,Maliqi,M
Pajtime,Gashi,F
Donika,Kryeziu,F
Drita,Abazi,F
Erim,Maliqi,M
Kaltrina,Mehmeti,F
Yllka,Ibrahimi,F
Endrit,Morina,M
Blerim,Kastrati,M
Yll,Ademi,M
Fitore,Morina,F
Shkurte,Syla,F
Ymerije,Ademi,F
Blerta,Krasniqi,F
Parin,Rugova,M
Kujtim,Ferati,M
Dardan,Mehmeti,M
Yll,Tahiri,M
Qamile,Ademi,F
Blerim,Krasniqi,M
Iliriana,Mehmeti,F
Remzije,Thaqi,F
Samir,Syla,M
Rina,Rexhepi,F
Mergim,Mehmeti,M
Valbona,Miftari,F
Hana,Maliqi,F
Shaban,Salihu,M
Skender,Hoxha,M
Bujar,Ahmeti,M
Astrit,Kryeziu,M
Ymerije,Dauti,F
Samir,Ahmeti,M
Zana,Shala,F
Enver,Ibrahimi,M
Besarta,Bytyqi,F
Shaban,Mehmeti,M
Vjollca,Shala,F
Besnik,Miftari,M
Veton,Likaj,M
Adelina,Hajdari,F
Jehona,Maliqi,F
Shqipe,Kastrati,F
Naim,Dauti,M
Drita,Kabashi,F
Qendrim,Abazi,M
Fjolla,Bytyqi,F
Yllka,Sinani,F
Kujtim,Kabashi,M
Pranvera,Limani,F
Zana,Selimi,F
Donika,Kryeziu,F
Xheneta,Gashi,F
Kujtesa,Abazi,F
Vjollca,Osmani,F
Mimoza,Hasani,F
Teuta,Dauti,F
Luljeta,Miftari,F
Ymerije,Demiri,F
Spartak,Rugova,M
Kastriot,Miftari,M
Astrit,Berisha,M
Pranvera,Kryeziu,F
Zylfije,Limani,F
Mimoza,Ibrahimi,F
Ganimete,Dauti,F
Ermal,Salihu,M
Petrit,Miftari,M
Majlinda,Shala,F
Rina,Hyseni,F
Burbuqe,Mehmeti,F
Isa,Kryeziu,M
Zef,Dauti,M
Rina,Limani,F
Qendrim,Dauti,M
Jeta,Sinani,F
Parin,Osmani,M
Fisnik,Dauti,M
Dafina,Mehmeti,F
Hana,Kabashi,F
Besim,Miftari,M
Majlinda,Zeqiri,F
Edona,Maliqi,F
Yllka,Ibrahimi,F
Shqipe,Ahmeti,F
Liridon,Salihu,M
Perparim,Aliu,M
Petrit,Rexhepi,M
Rina,Gashi,F
Besarta,Gashi,F
Orhidea,Berisha,F
Egzona,Morina,F
Luljeta,Shala,F
Gentian,Selimi,M
Zef,Rugova,M
Isa,Krasniqi,M
Bujar,Hoxha,M
Perparim,Kryeziu,M
Remzije,Salihu,F
Majlinda,Osmani,F
Qamil,Ferati,M
Mentor,Ahmeti,M
Kujtim,Salihu,M
Zana,Kryeziu,F
Luljeta,Limani,F
Dafina,Ademi,F
Saranda,Ibrahimi,F
Egzon,Aliu,M
Besim,Ibrahimi,M
Gezim,Gashi,M
Ganimete,Nuhiu,F
Agon,Limani,M
Mentor,Syla,M
Vjollca,Kabashi,F
Majlinda,Tahiri,F
Lulzim,Sinani,M
Isa,Ferati,M
Parin,Shala,M
Zylfije,Rugova,F
Gezim,Dauti,M
Bujar,Rugova,M
Lavdim,Hasani,M
Zylfije,Syla,F
Bujar,Hasani,M
Fatmir,Selimi,M
Samir,Osmani,M
Xhevdet,Sinani,M
Qendrim,Likaj,M
Kastriot,Syla,M
Remzije,Osmani,F
Luan,Demiri,M
Saranda,Ferati,F
Besim,Salihu,M
Arben,Hasani,M
Elira,Osmani,F
Leonora,Dauti,F
Majlinda,Hoxha,F
Isa,Rexhepi,M
Sokol,Kastrati,M
Xhevahire,Sinani,F
Faton,Shala,M
Saranda,Bajrami,F
Valon,Berisha,M
Yllka,Nuhiu,F
Orhidea,Ahmeti,F
Shqipe,Mehmeti,F
Egzon,Aliu,M
Pranvera,Miftari,F
Drilon,Ferati,M
Majlinda,Gashi,F
Iliriana,Zeqiri,F
Parin,Limani,M
Ermal,Bajrami,M
Vjollca,Tahiri,F
Spartak,Salihu,M
Haxhere,Hajdari,F
Gezim,Ahmeti,M
Ymerije,Dauti,F
Isa,Hoxha,M
Xheneta,Gashi,F
Valbona,Krasniqi,F
Blerim,Syla,M
Blerim,Ademi,M
Valbona,Bytyqi,F
Blerta,Osmani,F
Dafina,Isufi,F
Qendresa,Ferati,F
Majlinda,Hajdari,F
Nora,Tahiri,F
Erim,Abazi,M
Lulzim,Hyseni,M
Faton,Osmani,M
Kaltrina,Bajrami,F
Hana,Hasani,F
Drilon,Gashi,M
Leonora,Aliu,F
Rina,Hoxha,F
Flutura,Hasani,F
Xhevahire,Miftari,F
Burbuqe,Rexhepi,F
Fisnik,Shala,M
Jehona,Selimi,F
Ganimete,Bajrami,F
Oli,Bajrami,F
Qendrim,Zeqiri,M
Yllka,Kryeziu,F
Xhevahire,Kastrati,F
Blerim,Sadiku,M
Blerina,Mehmeti,F
Orhidea,Salihu,F
Vlora,Zeqiri,F
Rina,Osmani,F
Flutura,Shala,F
Luljeta,Kryeziu,F
Kushtrim,Demiri,M
Parin,Tahiri,M
Luan,Shala,M
Bujar,Limani,M
Rrezart,Zeqiri,M
Remzije,Rugova,F
Kujtim,Dauti,M
Shqipe,Sinani,F
Nerenxa,Ferati,F
Kujtesa,Tahiri,F
Xhevahire,Kastrati,F
Gentiana,Abazi,F
Rrezart,Likaj,M
Donika,Miftari,F
Edona,Mehmeti,F
Fisnik,Likaj,M
Nderim,Shala,M
Arjeta,Tahiri,F
Agon,Zeqiri,M
Qamile,Bajrami,F
Faton,Maliqi,M
Petrit,Miftari,M
Elira,Kastrati,F
Qamil,Hasani,M
Tringa,Tahiri,F
Haxhere,Bytyqi,F
Jehona,Rugova,F
Bashkim,Thaqi,M
Isa,Ibrahimi,M
Oli,Maliqi,F
Haxhere,Morina,F
Lavdim,Miftari,M
Perparim,Salihu,M
Veton,Shala,M
Visar,Ahmeti,M
Fatmir,Selimi,M
Adelina,Bajrami,F
Veton,Hajdari,M
Iliriana,Demiri,F
Oli,Osmani,F
Qendresa,Sinani,F
Parin,Abazi,M
Fatmir,Ademi,M
Blerta,Sinani,F
Kujtim,Zeqiri,M
Drita,Syla,F
Valbona,Hasani,F
Ymerije,Nuhiu,F
Qamil,Ademi,M
Qendresa,Miftari,F
Ermal,Isufi,M
Dardan,Hasani,M
Besarta,Shala,F
Qendresa,Shala,F
Qamile,Ibrahimi,F
Astrit,Ibrahimi,M
Bujar,Nuhiu,M
Mentor,Ibrahimi,M
Ermal,Maliqi,M
Fjolla,Isufi,F
Xhevdet,Ahmeti,M
Visar,Sinani,M
Besim,Ademi,M
Fjolla,Aliu,F
Kujtesa,Hajdari,F
Nora,Morina,F
Kushtrim,Bytyqi,M
Fitore,Ademi,F
Erzen,Ademi,M
Drilon,Sadiku,M
Fitore,Mehmeti,F
Veton,Hyseni,M
Qamil,Limani,M
Valon,Kabashi,M
Pranvera,Rexhepi,F
Bashkim,Kryeziu,M
Kushtrim,Selimi,M
Majlinda,Hasani,F
Drita,Berisha,F
Ramiz,Aliu,M
Shaban,Miftari,M
Mentor,Maliqi,M
Orhidea,Isufi,F
Astrit,Ademi,M
Isa,Krasniqi,M
Naim,Rexhepi,M
Besarta,Likaj,F
Veton,Miftari,M
Kujtim,Kastrati,M
Qamil,Thaqi,M
Gentiana,Nuhiu,F
Shkelzen,Hyseni,M
Sokol,Kryeziu,M
Blerta,Ferati,F
Urti,Krasniqi,F
Xhevahire,Krasniqi,F
Arjeta,Rugova,F
Fjolla,Osmani,F
Shaban,Aliu,M
Urti,Ademi,F
Zana,Gashi,F
Samir,Hoxha,M
Mimoza,Hasani,F
Rina,Maliqi,F
Besnik,Berisha,M
Ilir,Gashi,M
Dardan,Bytyqi,M
Shaban,Berisha,M
Tringa,Krasniqi,F
Hana,Selimi,F
Sokol,Dauti,M
Dardan,Kabashi,M
Rexhep,Ademi,M
Luan,Ferati,M
Kujtesa,Bytyqi,F
Hana,Syla,F
Lulzim,Nuhiu,M
Teuta,Krasniqi,F
Haxhere,Shala,F
Erim,Bajrami,M
Sokol,Salihu,M
Astrit,Isufi,M
Samir,Sinani,M
Pajtime,Sadiku,F
Saranda,Gashi,F
Drita,Isufi,F
Visar,Demiri,M
Mentor,Dauti,M
Vlora,Aliu,F
Mentor,Salihu,M
Ganimete,Likaj,F
Rexhep,Ferati,M
Faton,Bytyqi,M
Gezim,Ferati,M
Egzon,Morina,M
Teuta,Thaqi,F
Shaban,Morina,M
Dafina,Sadiku,F
Teuta,Gashi,F
Blerina,Rugova,F
Zana,Salihu,F
Petrit,Kryeziu,M
Faton,Rugova,M
Zef,Syla,M
Artan,Isufi,M
Perparim,Nuhiu,M
Flutura,Morina,F
Leonora,Sinani,F
Pranvera,Thaqi,F
Ganimete,Shala,F
Rrezart,Limani,M
Valbona,Maliqi,F
Iliriana,Kastrati,F
Parin,Krasniqi,M
Arben,Sinani,M
Zef,Berisha,M
Ganimete,Zeqiri,F
Drita,Osmani,F
Egzona,Kryeziu,F
Yllka,Aliu,F
Faton,Rexhepi,M
Mentor,Ahmeti,M
Perparim,Ademi,M
Sokol,Maliqi,M
Luan,Isufi,M
Mentor,Thaqi,M
Qamile,Limani,F
Qamile,Gashi,F
Urti,Morina,F
Flamur,Tahiri,M
Nderim,Limani,M
Jeta,Shala,F
Nderim,Syla,M
Besarta,Syla,F
Jehona,Ademi,F
Luan,Kabashi,M
Kujtesa,Sinani,F
Arben,Limani,M
Mentor,Likaj,M
Egzon,Ahmeti,M
Qendrim,Bytyqi,M
Kujtesa,Kabashi,F
Ramiz,Limani,M
Ermal,Abazi,M
Kaltrina,Tahiri,F
Jeta,Sinani,F
Haxhere,Aliu,F
Spartak,Ibrahimi,M
Bashkim,Mehmeti,M
Donika,Ferati,F
Veton,Syla,M
Rexhep,Isufi,M
Saranda,Thaqi,F
Pajtime,Bajrami,F
Yll,Abazi,M
Erzen,Zeqiri,M
Iliriana,Hyseni,F
Fatmire,Hajdari,F
Bujar,Zeqiri,M
Bashkim,Dauti,M
Visar,Sinani,M
Pajtime,Krasniqi,F
Artan,Limani,M
Pranvera,Isufi,F
Luljeta,Dauti,F
Shkelzen,Tahiri,M
Tringa,Isufi,F
Flamur,Dauti,M
Drilon,Miftari,M
Hana,Limani,F
Shaban,Kastrati,M
Ganimete,Aliu,F
Besim,Gashi,M
Artan,Kastrati,M
Kushtrim,Sadiku,M
Faton,Tahiri,M
Teuta,Rexhepi,F
Visar,Likaj,M
Valbona,Sadiku,F
Remzije,Hasani,F
Qamile,Hoxha,F
Zef,Demiri,M
Egzon,Selimi,M
Hana,Salihu,F
Arjeta,Mehmeti,F
Valbona,Morina,F
Kujtesa,Berisha,F
Edon,Limani,M
Sokol,Thaqi,M
Gentiana,Limani,F
Edona,Miftari,F
Arben,Sinani,M
Astrit,Sadiku,M
Shkurte,Hajdari,F
Oli,Kryeziu,F
Kushtrim,Maliqi,M
Teuta,Gashi,F
Blerina,Aliu,F
Fitore,Miftari,F
Edona,Bajrami,F
Pranvera,Kabashi,F
Pranvera,Ahmeti,F
Veton,Shala,M
Burbuqe,Dauti,F
Vjollca,Ahmeti,F
Jehona,Kabashi,F
Xhevahire,Mehmeti,F
Edon,Ahmeti,M
Fisnik,Isufi,M
Ganimete,Bytyqi,F
Ganimete,Zeqiri,F
Nderim,Demiri,M
Vlora,Ademi,F
Zef,Miftari,M
Blerim,Ahmeti,M
Erzen,Osmani,M
Astrit,Kabashi,M
Erim,Abazi,M
Astrit,Krasniqi,M
Artan,Hasani,M
Ermal,Likaj,M
Mergim,Kastrati,M
Drita,Shala,F
Iliriana,Abazi,F
Mimoza,Salihu,F
Oli,Ademi,F
Hana,Aliu,F
Xhevdet,Hyseni,M
Gentiana,Kryeziu,F
Sokol,Osmani,M
Flutura,Isufi,F
Majlinda,Osmani,F
Dafina,Hyseni,F
Majlinda,Salihu,F
Naim,Bajrami,M
Iliriana,Gashi,F
Kujtesa,Hajdari,F
Kushtrim,Hyseni,M
Fisnik,Krasniqi,M
Qendrim,Sinani,M
Besarta,Ademi,F
Qamil,Ademi,M
Qamil,Hoxha,M
Zef,Kryeziu,M
Leonora,Bajrami,F
Iliriana,Maliqi,F
Veton,Dauti,M
Mentor,Rugova,M
Gentian,Hoxha,M
Kujtesa,Hoxha,F
Arjeta,Bajrami,F
Tringa,Kabashi,F
Isa,Isufi,M
Egzon,Morina,M
Visar,Gashi,M
Ermal,Syla,M
Qamil,Likaj,M
Rexhep,Morina,M
Skender,Kryeziu,M
Astrit,Krasniqi,M
Haxhere,Hyseni,F
Fitore,Hasani,F
Fisnik,Sinani,M
Qamile,Sinani,F
Luljeta,Sinani,F
Rexhep,Kryeziu,M
Ermal,Salihu,M
Oli,Ferati,F
Drita,Maliqi,F
Pajtime,Maliqi,F
Besarta,Miftari,F
Fisnik,Kabashi,M
Luljeta,Kryeziu,F
Spartak,Ademi,M
Zylfije,Krasniqi,F
Vlora,Rugova,F
Vjollca,Hyseni,F
Shkelzen,Dauti,M
Ramiz,Abazi,M
Fatmir,Ahmeti,M
Ramiz,Bytyqi,M
Yll,Ahmeti,M
Fisnik,Dauti,M
Arjeta,Dauti,F
Mentor,Berisha,M
Edona,Aliu,F
Orhidea,Kastrati,F
Nderim,Kryeziu,M
Qamil,Hasani,M
Fitore,Ademi,F
Bujar,Gashi,M
Rrezart,Kastrati,M
Kujtim,Hajdari,M
Shkurte,Isufi,F
Samir,Ferati,M
Teuta,Miftari,F
Rexhep,Limani,M
Samir,Dauti,M
Edon,Berisha,M
Qendresa,Selimi,F
Leonora,Syla,F
Gentian,Nuhiu,M
Faton,Berisha,M
Rexhep,Hajdari,M
Leonora,Syla,F
Shqipe,Aliu,F
Gezim,Rugova,M
Luljeta,Morina,F
Faton,Likaj,M
Artan,Kryeziu,M
Mentor,Thaqi,M
Gentiana,Mehmeti,F
Dafina,Salihu,F
Mergim,Osmani,M
Pranvera,Ferati,F
Veton,Kastrati,M
Besim,Thaqi,M
Teuta,Aliu,F
Urti,Aliu,F
Drita,Bajrami,F
Petrit,Demiri,M
Erzen,Krasniqi,M
Shkurte,Ahmeti,F
Egzona,Aliu,F
Redon,Hasani,M
Jeta,Rexhepi,F
Artan,Gashi,M
Drita,Tahiri,F
Pranvera,Gashi,F
Flamur,Miftari,M
Naim,Morina,M
Ermal,Ferati,M
Saranda,Berisha,F
Zana,Maliqi,F
Agon,Ahmeti,M
Mimoza,Kryeziu,F
Kushtrim,Zeqiri,M
Drilon,Limani,M
Zana,Syla,F
Fatmire,Likaj,F
Ganimete,Salihu,F
Iliriana,Thaqi,F
Haxhere,Limani,F
Arjeta,Likaj,F
Kastriot,Selimi,M
Oli,Nuhiu,F
Erzen,Rugova,M
Dafina,Morina,F
Egzon,Rugova,M
Majlinda,Kryeziu,F
Fatmire,Bajrami,F
Kujtim,Krasniqi,M
Elira,Syla,F
Adelina,Kabashi,F
Dardan,Hasani,M
Besim,Berisha,M
Bashkim,Aliu,M
Burbuqe,Bytyqi,F
Mentor,Isufi,M
Rexhep,Kastrati,M
Adelina,Isufi,F
Petrit,Salihu,M
Jeta,Limani,F
Bashkim,Zeqiri,M
Isa,Rexhepi,M
Kujtim,Hajdari,M
Fisnik,Aliu,M
Besarta,Krasniqi,F
Gentian,Kabashi,M
Nora,Sinani,F
Xhevahire,Berisha,F
Iliriana,Sinani,F
Leonora,Krasniqi,F
Nora,Syla,F
Vlora,Selimi,F
Gentian,Tahiri,M
Fatmir,Krasniqi,M
Fisnik,Ademi,M
Gezim,Osmani,M
Arben,Bytyqi,M
Qamile,Ferati,F
Xhevahire,Sinani,F
Adelina,Maliqi,F
Nora,Krasniqi,F
Egzon,Kabashi,M
Dafina,Salihu,F
Petrit,Krasniqi,M
Veton,Berisha,M
Qamile,Rugova,F
Hana,Hasani,F
Shaban,Kastrati,M
Arjeta,Ademi,F
Orhidea,Likaj,F
Jeta,Nuhiu,F
Egzon,Thaqi,M
Rexhep,Maliqi,M
Ymerije,Abazi,F
Qamil,Osmani,M
Jehona,Hyseni,F
Valbona,Ferati,F
Petrit,Hoxha,M
Donika,Demiri,F
Endrit,Ahmeti,M
Yll,Ahmeti,M
Shkurte,Syla,F
Shaban,Osmani,M
Qendresa,Abazi,F
Elira,Maliqi,F
Arjeta,Gashi,F
Petrit,Abazi,M
Fitore,Ibrahimi,F
Saranda,Syla,F
Veton,Bajrami,M
Qamile,Gashi,F
Vlora,Thaqi,F
Leonora,Isufi,F
Liridon,Isufi,M
Flamur,Hoxha,M
Blerim,Salihu,M
Tringa,Abazi,F
Blerina,Ahmeti,F
Perparim,Hajdari,M
Ermal,Dauti,M
Burbuqe,Kabashi,F
Zylfije,Osmani,F
Urti,Ferati,F
Ramiz,Berisha,M
Gezim,Ahmeti,M
Urti,Likaj,F
Mergim,Rugova,M
Endrit,Zeqiri,M
Egzon,Krasniqi,M
Fatmire,Mehmeti,F
Veton,Likaj,M
Skender,Bytyqi,M
Vjollca,Demiri,F
Spartak,Aliu,M
Valbona,Morina,F
Valbona,Shala,F
Egzon,Hajdari,M
Ganimete,Aliu,F
Isa,Aliu,M
Bujar,Likaj,M
Valon,Sadiku,M
Samir,Rexhepi,M
Pranvera,Krasniqi,F
Arjeta,Osmani,F
Faton,Berisha,M
Shkelzen,Morina,M
Fjolla,Ibrahimi,F
Yllka,Berisha,F
Burbuqe,Bajrami,F
Kastriot,Kastrati,M
Vlora,Sadiku,F
Rexhep,Salihu,M
Arben,Kabashi,M
Ganimete,Thaqi,F
Adelina,Hasani,F
Ermal,Ibrahimi,M
Xhevahire,Hoxha,F
Besarta,Rugova,F
Urti,Hasani,F
Iliriana,Tahiri,F
Kastriot,Isufi,M
Remzije,Hasani,F
Flamur,Abazi,M
Haxhere,Likaj,F
Teuta,Syla,F
Petrit,Shala,M
Qamile,Selimi,F
Gezim,Likaj,M
Ymerije,Berisha,F
Arben,Maliqi,M
Erim,Dauti,M
Adelina,Kastrati,F
Gentiana,Ademi,F
Nora,Salihu,F
Fisnik,Ahmeti,M
Pajtime,Ahmeti,F
Besnik,Zeqiri,M
Arjeta,Likaj,F
Rina,Zeqiri,F
Leonora,Kryeziu,F
Fjolla,Rexhepi,F
Parin,Ferati,M
Rexhep,Kastrati,M
Zylfije,Hajdari,F
Qamile,Gashi,F
Pajtime,Ferati,F
Arjeta,Miftari,F
Nderim,Hasani,M
Donika,Ferati,F
Mentor,Kryeziu,M
Vlora,Osmani,F
Fjolla,Hajdari,F
Kujtim,Syla,M
Dardan,Likaj,M
Blerta,Bytyqi,F
Edona,Krasniqi,F
Tringa,Rugova,F
Shqipe,Abazi,F
Xhevdet,Bajrami,M
Kaltrina,Kryeziu,F
Bujar,Shala,M
Shkurte,Abazi,F
Zef,Sadiku,M
Perparim,Aliu,M
Bujar,Aliu,M
Valbona,Hasani,F
Iliriana,Hyseni,F
Hana,Salihu,F
Dardan,Zeqiri,M
Zylfije,Hyseni,F
Egzona,Hoxha,F
Remzije,Abazi,F
Perparim,Tahiri,M
Shqipe,Limani,F
Isa,Thaqi,M
Urti,Salihu,F
Shaban,Aliu,M
Nerenxa,Likaj,F
Valbona,Limani,F
Lulzim,Ferati,M
Kushtrim,Nuhiu,M
Flamur,Demiri,M
Ilir,Krasniqi,M
Egzon,Rugova,M
Visar,Bajrami,M
Remzije,Kastrati,F
Ramiz,Ahmeti,M
Egzona,Syla,F
Spartak,Bajrami,M
Urti,Selimi,F
Arjeta,Likaj,F
Qendresa,Zeqiri,F
Lavdim,Gashi,M
Mimoza,Tahiri,F
Flutura,Ferati,F
Valbona,Mehmeti,F
Yllka,Morina,F
Veton,Demiri,M
Isa,Bajrami,M
Gezim,Tahiri,M
Xhevdet,Hoxha,M
Nerenxa,Likaj,F
Blerim,Nuhiu,M
Ymerije,Aliu,F
Agon,Ibrahimi,M
Adelina,Miftari,F
Redon,Kryeziu,M
Pajtime,Kastrati,F
Vlora,Tahiri,F
Nora,Selimi,F
Hana,Mehmeti,F
Sokol,Abazi,M
Teuta,Hyseni,F
Erzen,Ferati,M
Pajtime,Thaqi,F
Pranvera,Kastrati,F
Oli,Krasniqi,F
Blerim,Hasani,M
Agon,Likaj,M
Faton,Nuhiu,M
Erim,Hyseni,M
Shkurte,Miftari,F
Nerenxa,Gashi,F
Zana,Likaj,F
Kujtim,Thaqi,M
Drilon,Hasani,M
Fitore,Salihu,F
Redon,Osmani,M
Dafina,Gashi,F
Xhevdet,Shala,M
Shaban,Nuhiu,M
Tringa,Kabashi,F
Erim,Kryeziu,M
Saranda,Nuhiu,F
Ramiz,Aliu,M
Skender,Abazi,M
Iliriana,Kastrati,F
Ermal,Ferati,M
Lavdim,Thaqi,M
Arjeta,Rexhepi,F
Zylfije,Rugova,F
Zylfije,Maliqi,F
Veton,Hajdari,M
Xheneta,Ibrahimi,F
Bujar,Selimi,M
Shkurte,Kabashi,F
Enver,Ahmeti,M
Orhidea,Sinani,F
Fjolla,Mehmeti,F
Zana,Bytyqi,F
Donika,Selimi,F
Bujar,Kabashi,M
Egzona,Ibrahimi,F
Arben,Aliu,M
Dardan,Ademi,M
Yllka,Sadiku,F
Mimoza,Dauti,F
Skender,Mehmeti,M
Jehona,Hyseni,F
Xhevahire,Kryeziu,F
Rexhep,Isufi,M
Remzije,Ademi,F
Zef,Shala,M
Jeta,Sadiku,F
Luljeta,Bajrami,F
Mergim,Berisha,M
Qamile,Dauti,F
Valbona,Kryeziu,F
Rexhep,Aliu,M
Adelina,Bajrami,F
Shqipe,Maliqi,F
Arjeta,Nuhiu,F
Gentiana,Ferati,F
Parin,Isufi,M
Skender,Ademi,M
Kastriot,Berisha,M
Shkurte,Abazi,F
Gentiana,Hyseni,F
Hana,Kastrati,F
Lavdim,Maliqi,M
Dardan,Selimi,M
Kushtrim,Hasani,M
Endrit,Ahmeti,M
Kujtim,Miftari,M
Pajtime,Bytyqi,F
Agon,Maliqi,M
Kastriot,Gashi,M
Qamile,Sadiku,F
Flamur,Dauti,M
Kaltrina,Sinani,F
Oli,Hoxha,F
Kaltrina,Rexhepi,F
Bashkim,Zeqiri,M
Luljeta,Ademi,F
Luljeta,Ferati,F
Samir,Osmani,M
Veton,Ibrahimi,M
Enver,Syla,M
Oli,Bytyqi,F
Qendresa,Hajdari,F
Vlora,Hasani,F
Spartak,Ademi,M
Samir,Osmani,M
Adelina,Salihu,F
Dafina,Ferati,F
Shkelzen,Rexhepi,M
Zef,Ibrahimi,M
Visar,Kabashi,M
Zana,Salihu,F
Fatmire,Ademi,F
Jeta,Ibrahimi,F
Astrit,Salihu,M
Nerenxa,Ibrahimi,F
Qamil,Osmani,M
Nderim,Likaj,M
Valbona,Isufi,F
Nora,Limani,F
Blerina,Ferati,F
Lulzim,Ferati,M
Burbuqe,Maliqi,F
Kujtesa,Hajdari,F
Fisnik,Tahiri,M
Astrit,Dauti,M
Pranvera,Aliu,F
Gezim,Sadiku,M
Arjeta,Gashi,F
Ramiz,Isufi,M
Drita,Syla,F
Faton,Berisha,M
Rexhep,Limani,M
Liridon,Dauti,M
Mergim,Kryeziu,M
Kaltrina,Osmani,F
Besim,Demiri,M
Rrezart,Bajrami,M
Burbuqe,Syla,F
Faton,Krasniqi,M
Drilon,Kabashi,M
Iliriana,Berisha,F
Remzije,Hasani,F
Astrit,Osmani,M
Nderim,Rugova,M
Vlora,Bytyqi,F
Liridon,Miftari,M
Yllka,Krasniqi,F
Visar,Berisha,M
Oli,Ahmeti,F
Nora,Nuhiu,F
Visar,Likaj,M
Fatmire,Aliu,F
Ermal,Thaqi,M
Naim,Aliu,M
Rina,Rexhepi,F
Drita,Syla,F
Gezim,Bytyqi,M
Nerenxa,Isufi,F
Qendrim,Bajrami,M
Erzen,Dauti,M
Elira,Morina,F
Parin,Osmani,M
Flutura,Ferati,F
Yll,Hajdari,M
Besnik,Dauti,M
Hana,Sadiku,F
Veton,Tahiri,M
Drilon,Miftari,M
Valbona,Salihu,F
Besarta,Thaqi,F
Tringa,Rugova,F
Luan,Maliqi,M
Yll,Limani,M
Kushtrim,Kryeziu,M
Parin,Isufi,M
Dardan,Hajdari,M
Mimoza,Thaqi,F
Gentian,Selimi,M
Besnik,Hoxha,M
Haxhere,Kabashi,F
Jeta,Tahiri,F
Besnik,Salihu,M
Liridon,Kabashi,M
Mentor,Thaqi,M
Drilon,Shala,M
Qamil,Ahmeti,M
Besarta,Nuhiu,F
Tringa,Demiri,F
Kujtim,Selimi,M
Saranda,Tahiri,F
Veton,Zeqiri,M
Gezim,Gashi,M
Sokol,Ademi,M
Burbuqe,Gashi,F
Perparim,Ahmeti,M
Drilon,Bajrami,M
Arjeta,Hoxha,F
Samir,Nuhiu,M
Gentian,Demiri,M
Burbuqe,Hasani,F
Egzona,Hoxha,F
Xhevdet,Shala,M
Ilir,Hoxha,M
Qendresa,Ferati,F
Erim,Hasani,M
Kastriot,Gashi,M
Mimoza,Bajrami,F
Dardan,Selimi,M
Fjolla,Kastrati,F
Valon,Shala,M
Mentor,Salihu,M
Shkelzen,Kryeziu,M
Erzen,Gashi,M
Majlinda,Zeqiri,F
Hana,Demiri,F
Enver,Berisha,M
Xheneta,Nuhiu,F
Fatmir,Likaj,M
Nerenxa,Ademi,F
Kujtim,Maliqi,M
Pranvera,Shala,F
Hana,Dauti,F
Drita,Krasniqi,F
Blerim,Osmani,M
Saranda,Mehmeti,F
Fisnik,Bajrami,M
Ramiz,Ferati,M
Qamil,Syla,M
Drita,Syla,F
Blerina,Abazi,F
Ilir,Sinani,M
Mimoza,Kabashi,F
Fatmire,Kabashi,F
